SET NAMES utf8mb4;
USE `teacher_resource_hub`;

SET FOREIGN_KEY_CHECKS = 0;

DELETE FROM `resource_recommend`;
DELETE FROM `resource_tag`;
DELETE FROM `resource_preview`;
DELETE FROM `lead`;
DELETE FROM `faq`;
DELETE FROM `site_config`;
DELETE FROM `page_content`;
DELETE FROM `resource`;
DELETE FROM `tag`;
DELETE FROM `category`;
DELETE FROM `admin_user`;

INSERT INTO `admin_user` (`id`, `username`, `password`, `nickname`, `status`, `last_login_time`, `created_at`, `updated_at`, `is_deleted`) VALUES
(1, 'admin', '$2a$10$g7dVKiIJrnOamCHbK0Uw2ez9H/7WZqlDadGjURyzvFwpbrtHf2qwq', '系统管理员', 1, NULL, '2026-03-01 09:00:00', '2026-03-01 09:00:00', 0);

INSERT INTO `category` (`id`, `name`, `slug`, `description`, `icon`, `sort_order`, `status`, `created_at`, `updated_at`, `is_deleted`) VALUES
(1, '班主任必备', 'head-teacher-essential', '覆盖开学、家校沟通、班级管理等班主任高频资料场景。', 'https://placehold.co/120x120/png?text=C1', 100, 1, '2026-03-01 09:00:00', '2026-03-01 09:00:00', 0),
(2, '家长会专区', 'parent-meeting-zone', '面向家长会发言、沟通、展示使用的通用资料包。', 'https://placehold.co/120x120/png?text=C2', 90, 1, '2026-03-01 09:00:00', '2026-03-01 09:00:00', 0),
(3, '班会主题', 'class-meeting-topics', '覆盖安全教育、心理健康、行为习惯等主题班会资料。', 'https://placehold.co/120x120/png?text=C3', 80, 1, '2026-03-01 09:00:00', '2026-03-01 09:00:00', 0),
(4, '公开课精品', 'open-class-premium', '适合小学语文、数学、英语公开课使用的成套模板。', 'https://placehold.co/120x120/png?text=C4', 70, 1, '2026-03-01 09:00:00', '2026-03-01 09:00:00', 0),
(5, '期中期末复习', 'mid-final-review', '适合复习动员、期末冲刺和复习课展示的资料集合。', 'https://placehold.co/120x120/png?text=C5', 60, 1, '2026-03-01 09:00:00', '2026-03-01 09:00:00', 0),
(6, '节日专题', 'festival-special', '适合节日活动、主题庆祝和校园专题活动使用的资料。', 'https://placehold.co/120x120/png?text=C6', 50, 1, '2026-03-01 09:00:00', '2026-03-01 09:00:00', 0);

INSERT INTO `tag` (`id`, `name`, `sort_order`, `status`, `created_at`, `updated_at`, `is_deleted`) VALUES
(1, '可编辑', 120, 1, '2026-03-01 09:00:00', '2026-03-01 09:00:00', 0),
(2, '通用模板', 110, 1, '2026-03-01 09:00:00', '2026-03-01 09:00:00', 0),
(3, '公开课', 100, 1, '2026-03-01 09:00:00', '2026-03-01 09:00:00', 0),
(4, '家长会', 90, 1, '2026-03-01 09:00:00', '2026-03-01 09:00:00', 0),
(5, '安全教育', 80, 1, '2026-03-01 09:00:00', '2026-03-01 09:00:00', 0),
(6, '班主任', 70, 1, '2026-03-01 09:00:00', '2026-03-01 09:00:00', 0),
(7, '语文', 60, 1, '2026-03-01 09:00:00', '2026-03-01 09:00:00', 0),
(8, '数学', 50, 1, '2026-03-01 09:00:00', '2026-03-01 09:00:00', 0),
(9, '英语', 40, 1, '2026-03-01 09:00:00', '2026-03-01 09:00:00', 0),
(10, '节日活动', 30, 1, '2026-03-01 09:00:00', '2026-03-01 09:00:00', 0),
(11, '复习课', 20, 1, '2026-03-01 09:00:00', '2026-03-01 09:00:00', 0),
(12, '家校沟通', 10, 1, '2026-03-01 09:00:00', '2026-03-01 09:00:00', 0);

INSERT INTO `faq` (`id`, `question`, `answer`, `sort_order`, `status`, `created_at`, `updated_at`, `is_deleted`) VALUES
(1, '资源是否支持二次编辑？', '大部分资料包提供可编辑版本，页面会明确标注是否支持修改。老师可先看预览样张，再确认是否适合本班使用。', 100, 1, '2026-03-01 09:00:00', '2026-03-01 09:00:00', 0),
(2, '下单后资源如何交付？', '本网站不做站内支付和在线下载，确认需求后通过微信沟通下单，资料一般以网盘或微信文件方式交付。', 90, 1, '2026-03-01 09:00:00', '2026-03-01 09:00:00', 0),
(3, '如果以前买过的资料找不到了，是否支持补发？', '支持补发。请通过微信提供购买记录或大致购买时间，我们核对后会安排补发。', 80, 1, '2026-03-01 09:00:00', '2026-03-01 09:00:00', 0),
(4, '这些资源适合哪些年级使用？', '每个资源详情页都会标注适用年级和适用场景。通用类资源通常适合一年级到六年级微调后使用。', 70, 1, '2026-03-01 09:00:00', '2026-03-01 09:00:00', 0),
(5, '能不能先看预览样张再决定？', '可以。本站所有重点资源都提供预览图，建议老师先浏览样张，确认风格和内容结构后再加微信咨询。', 60, 1, '2026-03-01 09:00:00', '2026-03-01 09:00:00', 0),
(6, '如何加微信咨询与下单？', '可以点击页面中的“加微信咨询”按钮，查看微信号和二维码。添加后说明所需资源名称、年级和使用场景即可。', 50, 1, '2026-03-01 09:00:00', '2026-03-01 09:00:00', 0);

INSERT INTO `resource` (`id`, `title`, `slug`, `category_id`, `summary`, `cover_image`, `display_price`, `grade`, `scene`, `content_items_json`, `description_html`, `usage_notice`, `status`, `is_recommended`, `view_count`, `sort_order`, `publish_time`, `created_at`, `updated_at`, `is_deleted`) VALUES
(1, '小学开学第一课课件教案包', 'primary-school-first-lesson-kit', 1, '适合新学期开学第一周直接使用的完整资料包，覆盖班级常规、安全提醒和师生破冰。', 'https://placehold.co/1200x760/png?text=resource-1-cover', 39.90, '一年级-六年级', '开学第一课', '["开学第一课PPT","配套教案","教师开场词","课堂互动环节","班级常规提醒页"]', '<p>这是一套面向小学班主任和任课老师的开学第一课备课资料包，适合新学期第一周直接上课使用。</p><p>资料围绕班级秩序建立、学习习惯提醒、师生破冰和安全教育导入整理，老师可先看预览，再按本班情况微调后使用。</p><ul><li>适合快速完成开学首课准备</li><li>支持替换班级信息与教师署名</li><li>适合作为班主任开班导入资料</li></ul>', '建议先浏览预览样张，再结合班级人数、班规重点和学生年龄段进行微调后使用。', 1, 1, 286, 130, '2026-03-01 09:00:00', '2026-03-01 09:00:00', '2026-03-01 09:00:00', 0),
(2, '小学家长会 PPT + 发言稿通用包', 'parent-meeting-ppt-speech-kit', 2, '适合班主任召开新学期、阶段总结、期末反馈等场景的家长会资料包。', 'https://placehold.co/1200x760/png?text=resource-2-cover', 49.00, '一年级-六年级', '家长会', '["家长会PPT","班主任发言稿","家校配合建议页","班级情况汇报模板","会后沟通要点"]', '<p>这套资料围绕小学家长会高频使用场景整理，兼顾班级展示、习惯沟通和家校协同三类核心内容。</p><p>资料结构清晰，支持老师按本班数据进行替换，尤其适合时间紧、需要快速准备家长会内容的老师。</p><ul><li>适合开学家长会与阶段反馈会</li><li>包含可直接调整的数据展示页</li><li>重视家校沟通语气与表达</li></ul>', '使用前建议先补充本班成绩、行为习惯和班级活动照片，再统一调整班级名称和落款。', 1, 1, 318, 128, '2026-03-03 10:00:00', '2026-03-03 10:00:00', '2026-03-03 10:00:00', 0),
(3, '小学生安全教育主题班会全套包', 'student-safety-class-meeting-kit', 3, '围绕校园安全、课间安全、交通安全等内容整理的主题班会整套资料。', 'https://placehold.co/1200x760/png?text=resource-3-cover', 36.00, '一年级-六年级', '主题班会', '["主题班会PPT","班会流程教案","案例讨论页","课堂互动问答","课后提醒话术"]', '<p>资料聚焦小学阶段常见安全教育主题，帮助老师在有限课时内完成重点提醒和互动引导。</p><p>整套内容注重课堂节奏，既适合常规班会，也适合作为学校安全教育周的班级落实资料。</p><ul><li>覆盖校园、课间、交通等常见场景</li><li>包含可直接投屏使用的课件</li><li>适合班主任常规安全教育使用</li></ul>', '建议根据年级调整案例难度，低年级可多用图片说明，高年级可增加讨论和承诺环节。', 1, 1, 256, 126, '2026-03-05 14:00:00', '2026-03-05 14:00:00', '2026-03-05 14:00:00', 0),
(4, '防校园欺凌主题班会资源包', 'anti-bullying-class-meeting-kit', 3, '适合开展校园欺凌预防教育、规则教育和同伴相处引导的班会资料。', 'https://placehold.co/1200x760/png?text=resource-4-cover', 29.90, '三年级-六年级', '主题班会', '["防欺凌PPT","案例讨论题","班会教案","学生承诺卡文案","课后提醒页"]', '<p>这套资料面向中高年级班会场景，重点帮助老师解释什么是校园欺凌、如何识别以及如何正确求助。</p><p>资料强调规则意识和同伴边界感，适合做成一次完整班会，也适合拆分到德育课或安全教育课中使用。</p><ul><li>适合三年级到六年级使用</li><li>包含情境案例与讨论问题</li><li>可用于校园欺凌专题教育</li></ul>', '建议配合学校德育制度和班级公约使用，班会结束后可让学生再次确认求助渠道。', 1, 1, 227, 124, '2026-03-07 15:00:00', '2026-03-07 15:00:00', '2026-03-07 15:00:00', 0),
(5, '心理健康与情绪管理班会包', 'mental-health-emotion-class-kit', 3, '适合围绕情绪识别、表达方式、同伴支持开展班会的资料包。', 'https://placehold.co/1200x760/png?text=resource-5-cover', 32.00, '三年级-六年级', '主题班会', '["情绪管理PPT","班会教案","情绪卡片文案","案例讨论页","教师引导话术"]', '<p>资料围绕小学中高年级常见情绪场景整理，帮助老师用更温和、可理解的方式开展心理健康启蒙。</p><p>内容强调情绪识别、表达和同伴支持，适合日常德育班会、心理健康周或个别专题教育使用。</p><ul><li>适合做一次完整主题班会</li><li>注重课堂表达与互动引导</li><li>文案语气平和，贴近老师日常表达</li></ul>', '建议老师提前熟悉案例内容，班会中多使用开放式提问，让学生更自然地表达自己的感受。', 1, 0, 188, 120, '2026-03-08 09:30:00', '2026-03-08 09:30:00', '2026-03-08 09:30:00', 0),
(6, '防溺水安全教育专题包', 'water-safety-education-kit', 3, '适合夏季前后开展防溺水提醒、案例警示和家校协同教育的专题资料。', 'https://placehold.co/1200x760/png?text=resource-6-cover', 33.00, '一年级-六年级', '安全教育', '["防溺水PPT","专题教案","家长提醒文案","案例警示页","安全口诀页"]', '<p>这套资料围绕小学阶段高频的防溺水教育需求整理，兼顾学生课堂提醒与家长配合提醒两个方向。</p><p>适合在季节性安全教育节点、假期前班会或学校专题活动中使用，帮助老师快速完成重点内容传达。</p><ul><li>包含学生版与家长提醒内容</li><li>适合假期前重点提醒</li><li>可与学校安全通知配套使用</li></ul>', '建议老师根据学校所在地实际水域情况补充本地提醒内容，家校沟通时同步发送重点注意事项。', 1, 1, 241, 118, '2026-03-10 11:00:00', '2026-03-10 11:00:00', '2026-03-10 11:00:00', 0),
(7, '小学期中复习动员班会包', 'midterm-review-motivation-class-kit', 5, '适合期中阶段用于目标设定、复习规划和学习状态调整的班会资料。', 'https://placehold.co/1200x760/png?text=resource-7-cover', 28.00, '三年级-六年级', '期中复习', '["复习动员PPT","班会教案","复习计划表","目标打卡页","鼓励话术文案"]', '<p>资料聚焦期中复习前的学习状态调整，帮助老师在班会中明确节奏、统一目标并提升学生投入度。</p><p>内容包含复习计划、目标提醒和课堂氛围调动页，适合班主任在复习启动阶段直接使用。</p><ul><li>适合复习周前一周使用</li><li>便于老师做班级目标动员</li><li>包含计划表和激励文案</li></ul>', '建议结合班级近期作业完成情况和考试安排，替换成更符合本班节奏的复习提醒内容。', 1, 0, 165, 116, '2026-03-12 10:00:00', '2026-03-12 10:00:00', '2026-03-12 10:00:00', 0),
(8, '小学期末冲刺家长会资料包', 'final-review-parent-meeting-kit', 2, '适合期末阶段向家长说明复习安排、习惯配合和假期衔接事项的资料包。', 'https://placehold.co/1200x760/png?text=resource-8-cover', 45.00, '一年级-六年级', '期末复习', '["期末家长会PPT","发言稿","复习建议清单","家长配合提醒","假期衔接说明页"]', '<p>这套资料适合期末前后的家长会场景，重点帮助老师清晰传达复习安排、学生表现和家长配合重点。</p><p>资料结构兼顾成绩沟通与情绪支持，适合需要稳妥表达、减少家长误解的老师使用。</p><ul><li>适合期末冲刺阶段家长会</li><li>重视家校协同表达</li><li>可替换班级数据和个性化建议</li></ul>', '建议老师提前补充班级近期表现数据和复习时间安排，再统一替换学校名称与教师署名。', 1, 1, 212, 114, '2026-03-14 16:00:00', '2026-03-14 16:00:00', '2026-03-14 16:00:00', 0),
(9, '小学语文公开课通用模板包', 'chinese-open-class-template-kit', 4, '适合小学语文公开课展示、赛课和教研交流使用的通用课件模板资料。', 'https://placehold.co/1200x760/png?text=resource-9-cover', 59.00, '一年级-六年级', '公开课', '["语文公开课PPT模板","教学流程页","课堂活动页","板书设计示例","说课提纲"]', '<p>资料围绕小学语文公开课常见结构整理，适合用于教研展示、赛课准备或公开课打磨阶段。</p><p>模板页布局规范，兼顾教学目标、重难点、课堂活动和板书展示，方便老师快速替换内容进入正式备课。</p><ul><li>适合公开课和教研展示</li><li>版式简洁，便于替换课文内容</li><li>附带说课提纲辅助整理思路</li></ul>', '使用前建议先确定课型和课文内容，再按教学目标替换模板页，避免页面过多影响课堂节奏。', 1, 1, 369, 112, '2026-03-16 09:00:00', '2026-03-16 09:00:00', '2026-03-16 09:00:00', 0),
(10, '小学数学公开课通用模板包', 'math-open-class-template-kit', 4, '适合小学数学公开课、教研展示和课堂结构梳理的通用模板资料。', 'https://placehold.co/1200x760/png?text=resource-10-cover', 59.00, '一年级-六年级', '公开课', '["数学公开课PPT模板","情境导入页","探究活动页","练习反馈页","说课结构提纲"]', '<p>资料重点服务小学数学公开课准备，帮助老师在导入、探究、练习和总结几个关键环节快速搭建结构。</p><p>模板适合赛课前反复修改，也适合平时教研组内统一课件风格使用。</p><ul><li>适合数学新授课和复习课公开展示</li><li>突出探究过程与练习反馈</li><li>页面清爽，便于课堂投屏展示</li></ul>', '建议根据课题内容删减或合并部分模板页，保证公开课页面数量和课堂时长匹配。', 1, 1, 342, 110, '2026-03-18 13:30:00', '2026-03-18 13:30:00', '2026-03-18 13:30:00', 0),
(11, '小学英语公开课通用模板包', 'english-open-class-template-kit', 4, '适合小学英语公开课、展示课和教研活动使用的课件模板资料。', 'https://placehold.co/1200x760/png?text=resource-11-cover', 59.00, '三年级-六年级', '公开课', '["英语公开课PPT模板","Warm-up页面","单词句型练习页","互动游戏页","说课提纲"]', '<p>这套资料围绕小学英语公开课常见流程设计，适合课堂导入、词句练习、活动互动和课堂总结等环节。</p><p>页面表达清晰，适合老师快速替换课题内容，用于展示课、教研课和赛课准备。</p><ul><li>适合英语公开课和展示课</li><li>包含互动游戏与练习版式</li><li>有利于统一公开课视觉风格</li></ul>', '建议根据学生年级调整英文指令复杂度，并提前检查音频、图片等课堂素材是否齐全。', 1, 1, 337, 108, '2026-03-20 15:20:00', '2026-03-20 15:20:00', '2026-03-20 15:20:00', 0),
(12, '小学班主任期末评语与家校沟通资料包', 'head-teacher-comment-home-school-kit', 1, '适合期末阶段整理学生评语、沟通模板和家校反馈话术的班主任资料包。', 'https://placehold.co/1200x760/png?text=resource-12-cover', 42.00, '一年级-六年级', '家校沟通', '["期末评语模板","家校沟通话术","通知模板","学生表现记录表","沟通建议清单"]', '<p>资料适合班主任在期末集中整理评语和沟通信息时使用，帮助老师提高表达效率并保持整体语气稳妥。</p><p>内容包含可编辑评语模板、沟通话术和家校反馈建议，适合一线班主任在高强度期末工作中快速使用。</p><ul><li>适合期末阶段集中整理材料</li><li>重视家校沟通表达分寸</li><li>便于替换学生个性化描述</li></ul>', '建议老师结合学生平时表现先做分类，再从模板中选取合适表述，避免整班语言完全雷同。', 1, 1, 294, 106, '2026-03-22 10:40:00', '2026-03-22 10:40:00', '2026-03-22 10:40:00', 0),
(13, '六一儿童节活动主持与班会课件包', 'children-day-activity-class-kit', 6, '适合六一儿童节班会、活动主持、节目串场和氛围展示的资料包。', 'https://placehold.co/1200x760/png?text=resource-13-cover', 35.00, '一年级-六年级', '节日活动', '["六一活动PPT","主持词","节目串场文案","班会活动流程","节日祝福页"]', '<p>这套资料适合六一儿童节前后的班级活动和校园小型庆祝活动，兼顾班会展示和主持串场需要。</p><p>资料内容注重轻松、整洁和节日氛围，便于老师直接套用并替换班级节目安排。</p><ul><li>适合班级庆祝与年级活动</li><li>包含主持词与流程页面</li><li>适合节日前快速备课</li></ul>', '建议根据活动时长保留核心页面，若有节目单和学生照片，可在封面和流程页中补充展示。', 1, 1, 205, 104, '2026-03-24 09:50:00', '2026-03-24 09:50:00', '2026-03-24 09:50:00', 0);

INSERT INTO `resource_preview` (`id`, `resource_id`, `image_url`, `sort_order`, `created_at`, `updated_at`) VALUES
(1, 1, 'https://placehold.co/1280x960/png?text=resource-1-preview-1', 30, '2026-03-01 09:00:00', '2026-03-01 09:00:00'),
(2, 1, 'https://placehold.co/1280x960/png?text=resource-1-preview-2', 20, '2026-03-01 09:00:00', '2026-03-01 09:00:00'),
(3, 1, 'https://placehold.co/1280x960/png?text=resource-1-preview-3', 10, '2026-03-01 09:00:00', '2026-03-01 09:00:00'),
(4, 2, 'https://placehold.co/1280x960/png?text=resource-2-preview-1', 30, '2026-03-03 10:00:00', '2026-03-03 10:00:00'),
(5, 2, 'https://placehold.co/1280x960/png?text=resource-2-preview-2', 20, '2026-03-03 10:00:00', '2026-03-03 10:00:00'),
(6, 2, 'https://placehold.co/1280x960/png?text=resource-2-preview-3', 10, '2026-03-03 10:00:00', '2026-03-03 10:00:00'),
(7, 3, 'https://placehold.co/1280x960/png?text=resource-3-preview-1', 30, '2026-03-05 14:00:00', '2026-03-05 14:00:00'),
(8, 3, 'https://placehold.co/1280x960/png?text=resource-3-preview-2', 20, '2026-03-05 14:00:00', '2026-03-05 14:00:00'),
(9, 3, 'https://placehold.co/1280x960/png?text=resource-3-preview-3', 10, '2026-03-05 14:00:00', '2026-03-05 14:00:00'),
(10, 4, 'https://placehold.co/1280x960/png?text=resource-4-preview-1', 30, '2026-03-07 15:00:00', '2026-03-07 15:00:00'),
(11, 4, 'https://placehold.co/1280x960/png?text=resource-4-preview-2', 20, '2026-03-07 15:00:00', '2026-03-07 15:00:00'),
(12, 4, 'https://placehold.co/1280x960/png?text=resource-4-preview-3', 10, '2026-03-07 15:00:00', '2026-03-07 15:00:00'),
(13, 5, 'https://placehold.co/1280x960/png?text=resource-5-preview-1', 30, '2026-03-08 09:30:00', '2026-03-08 09:30:00'),
(14, 5, 'https://placehold.co/1280x960/png?text=resource-5-preview-2', 20, '2026-03-08 09:30:00', '2026-03-08 09:30:00'),
(15, 5, 'https://placehold.co/1280x960/png?text=resource-5-preview-3', 10, '2026-03-08 09:30:00', '2026-03-08 09:30:00'),
(16, 6, 'https://placehold.co/1280x960/png?text=resource-6-preview-1', 30, '2026-03-10 11:00:00', '2026-03-10 11:00:00'),
(17, 6, 'https://placehold.co/1280x960/png?text=resource-6-preview-2', 20, '2026-03-10 11:00:00', '2026-03-10 11:00:00'),
(18, 6, 'https://placehold.co/1280x960/png?text=resource-6-preview-3', 10, '2026-03-10 11:00:00', '2026-03-10 11:00:00'),
(19, 7, 'https://placehold.co/1280x960/png?text=resource-7-preview-1', 30, '2026-03-12 10:00:00', '2026-03-12 10:00:00'),
(20, 7, 'https://placehold.co/1280x960/png?text=resource-7-preview-2', 20, '2026-03-12 10:00:00', '2026-03-12 10:00:00'),
(21, 7, 'https://placehold.co/1280x960/png?text=resource-7-preview-3', 10, '2026-03-12 10:00:00', '2026-03-12 10:00:00'),
(22, 8, 'https://placehold.co/1280x960/png?text=resource-8-preview-1', 30, '2026-03-14 16:00:00', '2026-03-14 16:00:00'),
(23, 8, 'https://placehold.co/1280x960/png?text=resource-8-preview-2', 20, '2026-03-14 16:00:00', '2026-03-14 16:00:00'),
(24, 8, 'https://placehold.co/1280x960/png?text=resource-8-preview-3', 10, '2026-03-14 16:00:00', '2026-03-14 16:00:00'),
(25, 9, 'https://placehold.co/1280x960/png?text=resource-9-preview-1', 30, '2026-03-16 09:00:00', '2026-03-16 09:00:00'),
(26, 9, 'https://placehold.co/1280x960/png?text=resource-9-preview-2', 20, '2026-03-16 09:00:00', '2026-03-16 09:00:00'),
(27, 9, 'https://placehold.co/1280x960/png?text=resource-9-preview-3', 10, '2026-03-16 09:00:00', '2026-03-16 09:00:00'),
(28, 10, 'https://placehold.co/1280x960/png?text=resource-10-preview-1', 30, '2026-03-18 13:30:00', '2026-03-18 13:30:00'),
(29, 10, 'https://placehold.co/1280x960/png?text=resource-10-preview-2', 20, '2026-03-18 13:30:00', '2026-03-18 13:30:00'),
(30, 10, 'https://placehold.co/1280x960/png?text=resource-10-preview-3', 10, '2026-03-18 13:30:00', '2026-03-18 13:30:00'),
(31, 11, 'https://placehold.co/1280x960/png?text=resource-11-preview-1', 30, '2026-03-20 15:20:00', '2026-03-20 15:20:00'),
(32, 11, 'https://placehold.co/1280x960/png?text=resource-11-preview-2', 20, '2026-03-20 15:20:00', '2026-03-20 15:20:00'),
(33, 11, 'https://placehold.co/1280x960/png?text=resource-11-preview-3', 10, '2026-03-20 15:20:00', '2026-03-20 15:20:00'),
(34, 12, 'https://placehold.co/1280x960/png?text=resource-12-preview-1', 30, '2026-03-22 10:40:00', '2026-03-22 10:40:00'),
(35, 12, 'https://placehold.co/1280x960/png?text=resource-12-preview-2', 20, '2026-03-22 10:40:00', '2026-03-22 10:40:00'),
(36, 12, 'https://placehold.co/1280x960/png?text=resource-12-preview-3', 10, '2026-03-22 10:40:00', '2026-03-22 10:40:00'),
(37, 13, 'https://placehold.co/1280x960/png?text=resource-13-preview-1', 30, '2026-03-24 09:50:00', '2026-03-24 09:50:00'),
(38, 13, 'https://placehold.co/1280x960/png?text=resource-13-preview-2', 20, '2026-03-24 09:50:00', '2026-03-24 09:50:00'),
(39, 13, 'https://placehold.co/1280x960/png?text=resource-13-preview-3', 10, '2026-03-24 09:50:00', '2026-03-24 09:50:00');

INSERT INTO `resource_tag` (`id`, `resource_id`, `tag_id`) VALUES
(1, 1, 1),
(2, 1, 2),
(3, 1, 6),
(4, 2, 1),
(5, 2, 4),
(6, 2, 12),
(7, 3, 1),
(8, 3, 5),
(9, 3, 6),
(10, 4, 1),
(11, 4, 5),
(12, 4, 6),
(13, 5, 1),
(14, 5, 2),
(15, 5, 6),
(16, 6, 1),
(17, 6, 5),
(18, 6, 6),
(19, 7, 1),
(20, 7, 6),
(21, 7, 11),
(22, 8, 1),
(23, 8, 4),
(24, 8, 11),
(25, 8, 12),
(26, 9, 1),
(27, 9, 3),
(28, 9, 7),
(29, 10, 1),
(30, 10, 3),
(31, 10, 8),
(32, 11, 1),
(33, 11, 3),
(34, 11, 9),
(35, 12, 1),
(36, 12, 6),
(37, 12, 12),
(38, 13, 1),
(39, 13, 2),
(40, 13, 10);

INSERT INTO `resource_recommend` (`id`, `resource_id`, `recommended_resource_id`, `sort_order`) VALUES
(1, 1, 3, 20),
(2, 1, 12, 10),
(3, 2, 8, 20),
(4, 2, 12, 10),
(5, 3, 4, 20),
(6, 3, 6, 10),
(7, 4, 3, 20),
(8, 4, 5, 10),
(9, 5, 4, 20),
(10, 5, 7, 10),
(11, 6, 3, 20),
(12, 6, 13, 10),
(13, 7, 8, 20),
(14, 7, 12, 10),
(15, 8, 2, 20),
(16, 8, 7, 10),
(17, 9, 10, 20),
(18, 9, 11, 10),
(19, 10, 9, 20),
(20, 10, 11, 10),
(21, 11, 9, 20),
(22, 11, 10, 10),
(23, 12, 2, 20),
(24, 12, 8, 10),
(25, 13, 1, 20),
(26, 13, 5, 10);

INSERT INTO `lead` (`id`, `name`, `contact`, `source_page`, `message`, `status`, `follow_up_note`, `created_at`, `updated_at`, `is_deleted`) VALUES
(1, '张老师', '13800138000', '/resources/2', '想了解家长会资料包是否支持替换校名和班级信息。', 0, '', '2026-03-25 10:15:00', '2026-03-25 10:15:00', 0),
(2, '李老师', 'wx_li_laoshi_01', '/resources/9', '准备下周公开课，想看看语文模板包还有哪些页面。', 1, '已通过微信回复预览图和目录，等待老师确认。', '2026-03-26 14:20:00', '2026-03-26 16:00:00', 0),
(3, '王老师', '13900139000', '/', '想一次了解班主任常用资料包，有没有推荐组合。', 2, '已成交，约定通过微信发送资料。', '2026-03-27 09:40:00', '2026-03-27 18:10:00', 0);

INSERT INTO `site_config` (`id`, `config_key`, `config_value`, `config_group`, `description`, `created_at`, `updated_at`) VALUES
(1, 'site_name', '小学课件教案资源导流站', 'site', '站点名称', '2026-03-01 09:00:00', '2026-03-01 09:00:00'),
(2, 'seo_title', '小学课件教案资源导流站｜先看预览，再加微信咨询', 'site', 'SEO标题', '2026-03-01 09:00:00', '2026-03-01 09:00:00'),
(3, 'seo_keywords', '小学课件,小学教案,班主任资料,家长会PPT,主题班会资源,公开课模板', 'site', 'SEO关键词', '2026-03-01 09:00:00', '2026-03-01 09:00:00'),
(4, 'seo_description', '面向小学老师的课件教案资源整理站，支持按分类和场景快速筛选，先看预览样张，再加微信咨询下单。', 'site', 'SEO描述', '2026-03-01 09:00:00', '2026-03-01 09:00:00'),
(5, 'contact_phone', '400-820-2026', 'site', '联系电话', '2026-03-01 09:00:00', '2026-03-01 09:00:00'),
(6, 'contact_wechat', 'teacherziyuan001', 'site', '联系微信', '2026-03-01 09:00:00', '2026-03-01 09:00:00'),
(7, 'contact_email', 'service@teacher-resource.local', 'site', '联系邮箱', '2026-03-01 09:00:00', '2026-03-01 09:00:00'),
(8, 'footer_text', '内容仅用于小学教学备课交流与资料展示，购买前请先查看预览并确认适用场景。', 'site', '页脚文案', '2026-03-01 09:00:00', '2026-03-01 09:00:00'),
(9, 'home_main_title', '10分钟找到能直接上课的资源包', 'home', '首页主标题', '2026-03-01 09:00:00', '2026-03-01 09:00:00'),
(10, 'home_sub_title', '面向小学老师的备课资料整理站，覆盖班主任、家长会、班会、公开课、复习课等高频场景，支持先看预览，再加微信咨询。', 'home', '首页副标题', '2026-03-01 09:00:00', '2026-03-01 09:00:00'),
(11, 'wechat_id', 'teacherziyuan001', 'home', '微信号', '2026-03-01 09:00:00', '2026-03-01 09:00:00'),
(12, 'wechat_qr_url', 'https://placehold.co/360x360/png?text=wechat-qr', 'home', '微信二维码图片地址', '2026-03-01 09:00:00', '2026-03-01 09:00:00'),
(13, 'wechat_tip', '先看预览样张，再添加老师微信咨询资源内容、适用年级和交付方式。', 'home', '微信引导文案', '2026-03-01 09:00:00', '2026-03-01 09:00:00'),
(14, 'home_hot_category_ids', '[1,2,3,4,5,6]', 'home', '首页热门分类ID列表', '2026-03-01 09:00:00', '2026-03-01 09:00:00'),
(15, 'home_recommended_resource_ids', '[1,2,3,6,8,9,10,11,13]', 'home', '首页推荐资源ID列表', '2026-03-01 09:00:00', '2026-03-01 09:00:00'),
(16, 'home_faq_ids', '[1,2,3,5,6]', 'home', '首页FAQ ID列表', '2026-03-01 09:00:00', '2026-03-01 09:00:00');

INSERT INTO `page_content` (`id`, `page_code`, `title`, `content_html`, `created_at`, `updated_at`) VALUES
(1, 'about', '关于我们', '<p>我们是一家专注于小学教学场景的课件教案资源整理站，服务对象主要是一线小学老师、班主任和教研使用者。</p><p>我们的目标不是堆积零散文件，而是把老师在高频场景中真正会用到的资料整理成完整资源包，帮助老师更快完成备课准备。</p><p>本站坚持先看预览、再咨询下单，尽量让老师在有限时间里更快判断资料是否适合自己当前的课堂和班级场景。</p>', '2026-03-01 09:00:00', '2026-03-01 09:00:00'),
(2, 'contact', '联系我们', '<p>如果您想咨询具体资源内容、适用年级、是否可编辑或交付方式，欢迎通过页面中的微信入口联系我们。</p><p>联系微信：teacherziyuan001</p><p>联系电话：400-820-2026</p><p>联系邮箱：service@teacher-resource.local</p><p>为提高沟通效率，建议您在咨询时直接说明资源名称、使用年级和预期课堂场景。</p>', '2026-03-01 09:00:00', '2026-03-01 09:00:00'),
(3, 'disclaimer', '版权与免责声明', '<p>本站展示的内容仅用于教学备课资料展示与交流说明，具体交付内容请以微信沟通确认结果为准。</p><p>部分页面图片和示意图仅用于展示资源结构，不代表最终交付中的全部页面数量。</p><p>老师在使用资料前，请根据所在学校要求、年级特点和课堂安排进行必要调整。因直接套用模板而产生的不适配问题，建议先通过预览和沟通确认。</p>', '2026-03-01 09:00:00', '2026-03-01 09:00:00'),
(4, 'refund-policy', '退款与补发说明', '<p>本站不提供站内支付，资源交易通过微信沟通确认后完成。因资料属于数字内容，请在下单前先查看预览并确认适用场景。</p><p>若因文件损坏、发送失败或历史订单资料遗失，可联系微信进行补发处理。</p><p>如遇内容与沟通确认结果明显不符，请在交付后第一时间联系处理，我们会根据实际情况协助更换或补充相关资料。</p>', '2026-03-01 09:00:00', '2026-03-01 09:00:00');

SET FOREIGN_KEY_CHECKS = 1;
