SET NAMES utf8mb4;
USE `teacher_resource_hub`;

SET FOREIGN_KEY_CHECKS = 0;

DELETE FROM `delivery_record`;
DELETE FROM `resource_search_log`;
DELETE FROM `visit_trace`;
DELETE FROM `import_task`;
DELETE FROM `resource_storage`;
DELETE FROM `content_campaign`;
DELETE FROM `lead_channel`;
DELETE FROM `resource_recommend`;
DELETE FROM `resource_tag`;
DELETE FROM `resource_preview`;
DELETE FROM `lead`;
DELETE FROM `faq`;
DELETE FROM `site_config`;
DELETE FROM `page_content`;
DELETE FROM `resource`;
DELETE FROM `resource_source`;
DELETE FROM `tag`;
DELETE FROM `category`;
DELETE FROM `admin_user`;

INSERT INTO `admin_user` (`id`, `username`, `password`, `nickname`, `status`, `last_login_time`, `created_at`, `updated_at`, `is_deleted`) VALUES
(1, 'admin', '$2a$10$g7dVKiIJrnOamCHbK0Uw2ez9H/7WZqlDadGjURyzvFwpbrtHf2qwq', '系统管理员', 1, NULL, '2026-04-03 08:30:00', '2026-04-03 08:30:00', 0);

INSERT INTO `category` (`id`, `name`, `code`, `slug`, `description`, `icon`, `sort_order`, `status`, `created_at`, `updated_at`, `is_deleted`) VALUES
(1, '班主任必备', 'BZR', 'head-teacher-essential', '覆盖开学、家校沟通、班级管理等班主任高频资料场景。', 'https://placehold.co/120x120/png?text=BZR', 100, 1, '2026-04-03 08:30:00', '2026-04-03 08:30:00', 0),
(2, '家长会专区', 'JZH', 'parent-meeting-zone', '面向家长会发言、沟通、展示使用的通用资料包。', 'https://placehold.co/120x120/png?text=JZH', 90, 1, '2026-04-03 08:30:00', '2026-04-03 08:30:00', 0),
(3, '班会主题', 'BHZ', 'class-meeting-topics', '覆盖安全教育、心理健康、行为习惯等主题班会资料。', 'https://placehold.co/120x120/png?text=BHZ', 80, 1, '2026-04-03 08:30:00', '2026-04-03 08:30:00', 0),
(4, '公开课精品', 'GKK', 'open-class-premium', '适合小学语文、数学、英语公开课使用的成套模板。', 'https://placehold.co/120x120/png?text=GKK', 70, 1, '2026-04-03 08:30:00', '2026-04-03 08:30:00', 0),
(5, '期中期末复习', 'FXK', 'mid-final-review', '适合复习动员、期末冲刺和复习课展示的资料集合。', 'https://placehold.co/120x120/png?text=FXK', 60, 1, '2026-04-03 08:30:00', '2026-04-03 08:30:00', 0),
(6, '节日专题', 'JRZ', 'festival-special', '适合节日活动、主题庆祝和校园专题活动使用的资料。', 'https://placehold.co/120x120/png?text=JRZ', 50, 1, '2026-04-03 08:30:00', '2026-04-03 08:30:00', 0);

INSERT INTO `tag` (`id`, `name`, `sort_order`, `status`, `created_at`, `updated_at`, `is_deleted`) VALUES
(1, '可编辑', 120, 1, '2026-04-03 08:30:00', '2026-04-03 08:30:00', 0),
(2, '通用模板', 110, 1, '2026-04-03 08:30:00', '2026-04-03 08:30:00', 0),
(3, '公开课', 100, 1, '2026-04-03 08:30:00', '2026-04-03 08:30:00', 0),
(4, '家长会', 90, 1, '2026-04-03 08:30:00', '2026-04-03 08:30:00', 0),
(5, '安全教育', 80, 1, '2026-04-03 08:30:00', '2026-04-03 08:30:00', 0),
(6, '班主任', 70, 1, '2026-04-03 08:30:00', '2026-04-03 08:30:00', 0),
(7, '语文', 60, 1, '2026-04-03 08:30:00', '2026-04-03 08:30:00', 0),
(8, '数学', 50, 1, '2026-04-03 08:30:00', '2026-04-03 08:30:00', 0),
(9, '英语', 40, 1, '2026-04-03 08:30:00', '2026-04-03 08:30:00', 0),
(10, '节日活动', 30, 1, '2026-04-03 08:30:00', '2026-04-03 08:30:00', 0),
(11, '复习课', 20, 1, '2026-04-03 08:30:00', '2026-04-03 08:30:00', 0),
(12, '家校沟通', 10, 1, '2026-04-03 08:30:00', '2026-04-03 08:30:00', 0);

INSERT INTO `resource_source` (`id`, `source_name`, `source_type`, `owner_name`, `owner_contact`, `authorization_proof_url`, `authorization_status`, `audit_remark`, `auditor_name`, `audited_at`, `risk_level`, `status`, `created_at`, `updated_at`, `is_deleted`) VALUES
(1, '自营整理资源库', 'self_compiled', '站内教研整理组', 'service@teacher-resource.local', 'https://placehold.co/600x400/png?text=source-proof-1', 'APPROVED', '站内整理资料，审核通过，可正常展示。', '系统管理员', '2026-04-03 08:45:00', 'LOW', 1, '2026-04-03 08:30:00', '2026-04-03 08:45:00', 0),
(2, '合作授权课件库', 'cooperation', '优课资料合作方', 'wx_youkelaoshi', 'https://placehold.co/600x400/png?text=source-proof-2', 'APPROVED', '合作授权资料，授权文件已留档。', '系统管理员', '2026-04-03 08:50:00', 'LOW', 1, '2026-04-03 08:30:00', '2026-04-03 08:50:00', 0),
(3, '待审核投稿资料', 'submission', '张老师投稿', '13800000001', 'https://placehold.co/600x400/png?text=source-proof-3', 'PENDING', '已收集到基础说明，等待补充授权证明。', '', NULL, 'MEDIUM', 1, '2026-04-03 08:30:00', '2026-04-03 08:30:00', 0),
(4, '风险待定资料库', 'curated', '外部整理来源待核验', 'unknown-source', 'https://placehold.co/600x400/png?text=source-proof-4', 'RISK', '来源说明不完整，暂不允许前台展示。', '系统管理员', '2026-04-03 08:55:00', 'HIGH', 1, '2026-04-03 08:30:00', '2026-04-03 08:55:00', 0),
(5, '已驳回来源样例', 'submission', '匿名投稿', 'anonymous', 'https://placehold.co/600x400/png?text=source-proof-5', 'REJECTED', '无法提供来源证明，审核驳回。', '系统管理员', '2026-04-03 09:00:00', 'HIGH', 1, '2026-04-03 08:30:00', '2026-04-03 09:00:00', 0);

INSERT INTO `faq` (`id`, `question`, `answer`, `sort_order`, `status`, `created_at`, `updated_at`, `is_deleted`) VALUES
(1, '资源是否支持二次编辑？', '大部分资料包提供可编辑版本，页面会明确标注是否支持修改。老师可先看预览样张，再确认是否适合本班使用。', 100, 1, '2026-04-03 08:30:00', '2026-04-03 08:30:00', 0),
(2, '资源如何交付？', '本站不做站内支付和在线下载，确认需求后通过微信沟通交付。管理员会根据资源码快速匹配资料并发送网盘信息。', 90, 1, '2026-04-03 08:30:00', '2026-04-03 08:30:00', 0),
(3, '如何快速咨询？', '建议先看预览，再复制资源码。加微信时直接发送资源码，可更快为你匹配和交付。', 80, 1, '2026-04-03 08:30:00', '2026-04-03 08:30:00', 0),
(4, '如果资料丢失，是否支持补发？', '支持补发。请通过微信说明资源码或大致购买时间，我们核对后可安排补发。', 70, 1, '2026-04-03 08:30:00', '2026-04-03 08:30:00', 0),
(5, '这些资料适合哪些年级？', '每个资源详情页都会标注适用年级和适用场景。通用类资料通常适合一年级到六年级按需微调使用。', 60, 1, '2026-04-03 08:30:00', '2026-04-03 08:30:00', 0),
(6, '是否可以先看预览再决定？', '可以。本站重点资源都提供预览图，建议老师先浏览样张，确认风格和内容结构后再加微信咨询。', 50, 1, '2026-04-03 08:30:00', '2026-04-03 08:30:00', 0);

INSERT INTO `lead_channel` (`id`, `channel_key`, `channel_name`, `channel_type`, `description`, `sort_order`, `status`, `created_at`, `updated_at`, `is_deleted`) VALUES
(1, 'website', '网站', 'website', '站内搜索、导航和直接访问流量。', 100, 1, '2026-04-03 08:30:00', '2026-04-03 08:30:00', 0),
(2, 'xiaohongshu', '小红书', 'xiaohongshu', '小红书笔记和合集页导流。', 90, 1, '2026-04-03 08:30:00', '2026-04-03 08:30:00', 0),
(3, 'wechat_official', '公众号', 'wechat_official', '公众号文章和菜单页导流。', 80, 1, '2026-04-03 08:30:00', '2026-04-03 08:30:00', 0),
(4, 'other', '其他', 'other', '朋友圈、社群、转介绍等其他来源。', 70, 1, '2026-04-03 08:30:00', '2026-04-03 08:30:00', 0);

INSERT INTO `resource` (`id`, `resource_code`, `title`, `slug`, `category_id`, `source_id`, `summary`, `cover_image`, `display_price`, `grade`, `scene`, `content_items_json`, `description_html`, `usage_notice`, `delivery_notice`, `search_keywords`, `authorization_status_snapshot`, `preview_count`, `content_item_count`, `status`, `is_recommended`, `view_count`, `consult_count`, `sort_order`, `publish_time`, `created_at`, `updated_at`, `is_deleted`) VALUES
(1, 'RES-BZR-20260403-0001', '小学开学第一课课件教案包', 'primary-school-first-lesson-kit', 1, 1, '适合新学期开学第一周直接使用的完整资料包，覆盖班级常规、安全提醒和师生破冰。', 'https://placehold.co/1200x760/png?text=resource-1-cover', 39.90, '一年级-六年级', '开学第一课', '["开学第一课PPT","配套教案","教师开场词","课堂互动环节","班级常规提醒页"]', '<p>这是一套面向小学班主任和任课老师的开学第一课备课资料包，适合新学期第一周直接上课使用。</p><p>资料围绕班级秩序建立、学习习惯提醒、师生破冰和安全教育导入整理，强调先看预览，再加微信发送资源码快速咨询。</p>', '建议先浏览预览样张，再结合班级人数、班规重点和学生年龄段进行微调后使用。', '本站不做在线支付，请先看预览，再加微信发送资源码确认需求，确认后通过微信沟通交付网盘信息。', '小学,开学,第一课,班主任,课件,教案,资料包,资源码', 'APPROVED', 3, 5, 1, 1, 286, 38, 130, '2026-04-03 09:10:00', '2026-04-03 09:10:00', '2026-04-03 09:10:00', 0),
(2, 'RES-JZH-20260403-0001', '小学家长会 PPT + 发言稿通用包', 'parent-meeting-ppt-speech-kit', 2, 2, '适合班主任召开新学期、阶段总结、期末反馈等场景的家长会资料包。', 'https://placehold.co/1200x760/png?text=resource-2-cover', 49.00, '一年级-六年级', '家长会', '["家长会PPT","班主任发言稿","家校配合建议页","班级情况汇报模板","会后沟通要点"]', '<p>这套资料围绕小学家长会高频使用场景整理，兼顾班级展示、习惯沟通和家校协同三类核心内容。</p><p>资料结构清晰，适合先看预览样张，再带着资源码到微信侧快速确认是否适合本班使用。</p>', '使用前建议先补充本班成绩、行为习惯和班级活动照片，再统一调整班级名称和落款。', '本站不做在线支付，确认需求后通过微信沟通交付；加微信时发送资源码，可更快匹配发货。', '小学,家长会,PPT,发言稿,家校沟通,班主任,通用包', 'APPROVED', 3, 5, 1, 1, 318, 46, 128, '2026-04-03 09:20:00', '2026-04-03 09:20:00', '2026-04-03 09:20:00', 0),
(3, 'RES-BHZ-20260403-0001', '小学生安全教育主题班会全套包', 'student-safety-class-meeting-kit', 3, 1, '围绕校园安全、课间安全、交通安全等内容整理的主题班会整套资料。', 'https://placehold.co/1200x760/png?text=resource-3-cover', 36.00, '一年级-六年级', '主题班会', '["主题班会PPT","班会流程教案","案例讨论页","课堂互动问答","课后提醒话术"]', '<p>资料聚焦小学阶段常见安全教育主题，帮助老师在有限课时内完成重点提醒和互动引导。</p><p>整套内容适合常规班会，也适合作为学校安全教育周的班级落实资料。</p>', '建议根据年级调整案例难度，低年级可多用图片说明，高年级可增加讨论和承诺环节。', '本站不做在线支付，建议先看预览图，再加微信发送资源码确认内容和交付方式。', '小学,安全教育,主题班会,校园安全,交通安全,班会,资料包', 'APPROVED', 3, 5, 1, 1, 256, 31, 126, '2026-04-03 09:30:00', '2026-04-03 09:30:00', '2026-04-03 09:30:00', 0),
(4, 'RES-BHZ-20260403-0002', '防校园欺凌主题班会资源包', 'anti-bullying-class-meeting-kit', 3, 1, '适合开展校园欺凌预防教育、规则教育和同伴相处引导的班会资料。', 'https://placehold.co/1200x760/png?text=resource-4-cover', 29.90, '三年级-六年级', '主题班会', '["防欺凌PPT","案例讨论题","班会教案","学生承诺卡文案","课后提醒页"]', '<p>这套资料面向中高年级班会场景，重点帮助老师解释什么是校园欺凌、如何识别以及如何正确求助。</p><p>资料强调规则意识和同伴边界感，适合做成一次完整班会，也适合拆分到德育课中使用。</p>', '建议配合学校德育制度和班级公约使用，班会结束后可让学生再次确认求助渠道。', '本站不做站内支付，确认需求后通过微信沟通交付；建议加微信时直接发送资源码。', '校园欺凌,班会,安全教育,德育,规则教育,中高年级', 'APPROVED', 3, 5, 1, 0, 227, 19, 124, '2026-04-03 09:40:00', '2026-04-03 09:40:00', '2026-04-03 09:40:00', 0),
(5, 'RES-BHZ-20260403-0003', '心理健康与情绪管理班会包', 'mental-health-emotion-class-kit', 3, 1, '适合围绕情绪识别、表达方式、同伴支持开展班会的资料包。', 'https://placehold.co/1200x760/png?text=resource-5-cover', 32.00, '三年级-六年级', '主题班会', '["情绪管理PPT","班会教案","情绪卡片文案","案例讨论页","教师引导话术"]', '<p>资料围绕小学中高年级常见情绪场景整理，帮助老师用更温和、可理解的方式开展心理健康启蒙。</p><p>内容强调情绪识别、表达和同伴支持，适合日常德育班会、心理健康周或专题教育使用。</p>', '建议老师提前熟悉案例内容，班会中多使用开放式提问，让学生更自然地表达自己的感受。', '本站不做在线支付，请先查看预览样张，确认风格和适用场景后再通过微信沟通交付。', '心理健康,情绪管理,班会,德育,小学,中高年级', 'APPROVED', 3, 5, 1, 0, 188, 14, 120, '2026-04-03 09:50:00', '2026-04-03 09:50:00', '2026-04-03 09:50:00', 0),
(6, 'RES-BHZ-20260403-0004', '防溺水安全教育专题包', 'water-safety-education-kit', 3, 2, '适合夏季前后开展防溺水提醒、案例警示和家校协同教育的专题资料。', 'https://placehold.co/1200x760/png?text=resource-6-cover', 33.00, '一年级-六年级', '安全教育', '["防溺水PPT","专题教案","家长提醒文案","案例警示页","安全口诀页"]', '<p>这套资料围绕小学阶段高频的防溺水教育需求整理，兼顾学生课堂提醒与家长配合提醒两个方向。</p><p>适合假期前班会、学校专题活动或安全教育周使用。</p>', '建议根据学校所在地实际水域情况补充本地提醒内容，家校沟通时同步发送重点注意事项。', '本站不做在线支付，资料确认后通过微信沟通交付；请先复制资源码再咨询。', '防溺水,安全教育,班会,假期安全,家校提醒,小学', 'APPROVED', 3, 5, 1, 1, 241, 27, 118, '2026-04-03 10:00:00', '2026-04-03 10:00:00', '2026-04-03 10:00:00', 0),
(7, 'RES-FXK-20260403-0001', '小学期中复习动员班会包', 'midterm-review-motivation-class-kit', 5, 1, '适合期中阶段用于目标设定、复习规划和学习状态调整的班会资料。', 'https://placehold.co/1200x760/png?text=resource-7-cover', 28.00, '三年级-六年级', '期中复习', '["复习动员PPT","班会教案","复习计划表","目标打卡页","鼓励话术文案"]', '<p>资料聚焦期中复习前的学习状态调整，帮助老师在班会中明确节奏、统一目标并提升学生投入度。</p><p>适合复习启动阶段直接使用，也适合班主任做阶段性动员。</p>', '建议结合班级近期作业完成情况和考试安排，替换成更符合本班节奏的复习提醒内容。', '本站不做站内支付，确认需求后通过微信沟通交付；发送资源码可更快匹配复习类资料。', '期中,复习,动员,班会,学习状态,复习课', 'APPROVED', 3, 5, 1, 0, 165, 12, 116, '2026-04-03 10:10:00', '2026-04-03 10:10:00', '2026-04-03 10:10:00', 0),
(8, 'RES-JZH-20260403-0002', '小学期末冲刺家长会资料包', 'final-review-parent-meeting-kit', 2, 2, '适合期末阶段向家长说明复习安排、习惯配合和假期衔接事项的资料包。', 'https://placehold.co/1200x760/png?text=resource-8-cover', 45.00, '一年级-六年级', '期末复习', '["期末家长会PPT","发言稿","复习建议清单","家长配合提醒","假期衔接说明页"]', '<p>这套资料适合期末前后的家长会场景，重点帮助老师清晰传达复习安排、学生表现和家长配合重点。</p><p>资料结构兼顾成绩沟通与情绪支持，适合需要稳妥表达的老师使用。</p>', '建议老师提前补充班级近期表现数据和复习时间安排，再统一替换学校名称与教师署名。', '本站不做在线支付，确认需求后通过微信沟通交付；请先看预览，再带资源码咨询。', '期末,家长会,复习,家校沟通,班主任,资料包', 'APPROVED', 3, 5, 1, 1, 212, 24, 114, '2026-04-03 10:20:00', '2026-04-03 10:20:00', '2026-04-03 10:20:00', 0),
(9, 'RES-GKK-20260403-0001', '小学语文公开课通用模板包', 'chinese-open-class-template-kit', 4, 2, '适合小学语文公开课展示、赛课和教研交流使用的通用课件模板资料。', 'https://placehold.co/1200x760/png?text=resource-9-cover', 59.00, '一年级-六年级', '公开课', '["语文公开课PPT模板","教学流程页","课堂活动页","板书设计示例","说课提纲"]', '<p>资料围绕小学语文公开课常见结构整理，适合用于教研展示、赛课准备或公开课打磨阶段。</p><p>模板页布局规范，方便老师快速替换课文内容进入正式备课。</p>', '使用前建议先确定课型和课文内容，再按教学目标替换模板页，避免页面过多影响课堂节奏。', '本站不做在线支付，确认需求后通过微信沟通交付；公开课资料建议先看预览后咨询。', '语文,公开课,模板,赛课,说课,教研,课件', 'APPROVED', 3, 5, 1, 1, 369, 52, 112, '2026-04-03 10:30:00', '2026-04-03 10:30:00', '2026-04-03 10:30:00', 0),
(10, 'RES-GKK-20260403-0002', '小学数学公开课通用模板包', 'math-open-class-template-kit', 4, 2, '适合小学数学公开课、教研展示和课堂结构梳理的通用模板资料。', 'https://placehold.co/1200x760/png?text=resource-10-cover', 59.00, '一年级-六年级', '公开课', '["数学公开课PPT模板","情境导入页","探究活动页","练习反馈页","说课结构提纲"]', '<p>资料重点服务小学数学公开课准备，帮助老师在导入、探究、练习和总结几个关键环节快速搭建结构。</p><p>模板适合赛课前反复修改，也适合平时教研组内统一课件风格使用。</p>', '建议根据课题内容删减或合并部分模板页，保证公开课页面数量和课堂时长匹配。', '本站不做在线支付，确认需求后通过微信沟通交付；复制资源码后再咨询更高效。', '数学,公开课,模板,探究活动,练习反馈,赛课', 'APPROVED', 3, 5, 1, 1, 342, 47, 110, '2026-04-03 10:40:00', '2026-04-03 10:40:00', '2026-04-03 10:40:00', 0),
(11, 'RES-GKK-20260403-0003', '小学英语公开课通用模板包', 'english-open-class-template-kit', 4, 2, '适合小学英语公开课、展示课和教研活动使用的课件模板资料。', 'https://placehold.co/1200x760/png?text=resource-11-cover', 59.00, '三年级-六年级', '公开课', '["英语公开课PPT模板","Warm-up页面","单词句型练习页","互动游戏页","说课提纲"]', '<p>这套资料围绕小学英语公开课常见流程设计，适合课堂导入、词句练习、活动互动和课堂总结等环节。</p><p>页面表达清晰，适合老师快速替换课题内容，用于展示课、教研课和赛课准备。</p>', '建议根据学生年级调整英文指令复杂度，并提前检查音频、图片等课堂素材是否齐全。', '本站不做站内支付，确认需求后通过微信沟通交付；建议复制资源码后添加微信。', '英语,公开课,展示课,模板,互动游戏,课件', 'APPROVED', 3, 5, 1, 1, 337, 44, 108, '2026-04-03 10:50:00', '2026-04-03 10:50:00', '2026-04-03 10:50:00', 0),
(12, 'RES-BZR-20260403-0002', '小学班主任期末评语与家校沟通资料包', 'head-teacher-comment-home-school-kit', 1, 1, '适合期末阶段整理学生评语、沟通模板和家校反馈话术的班主任资料包。', 'https://placehold.co/1200x760/png?text=resource-12-cover', 42.00, '一年级-六年级', '家校沟通', '["期末评语模板","家校沟通话术","通知模板","学生表现记录表","沟通建议清单"]', '<p>资料适合班主任在期末集中整理评语和沟通信息时使用，帮助老师提高表达效率并保持整体语气稳妥。</p><p>内容包含可编辑评语模板、沟通话术和家校反馈建议，适合一线班主任高强度期末工作使用。</p>', '建议老师结合学生平时表现先做分类，再从模板中选取合适表述，避免整班语言完全雷同。', '本站不做在线支付，确认需求后通过微信沟通交付；请先看预览，再发送资源码咨询。', '班主任,期末评语,家校沟通,通知模板,沟通话术,资料包', 'APPROVED', 3, 5, 1, 0, 294, 28, 106, '2026-04-03 11:00:00', '2026-04-03 11:00:00', '2026-04-03 11:00:00', 0),
(13, 'RES-JRZ-20260403-0001', '六一儿童节活动主持与班会课件包', 'children-day-activity-class-kit', 6, 1, '适合六一儿童节班会、活动主持、节目串场和氛围展示的资料包。', 'https://placehold.co/1200x760/png?text=resource-13-cover', 35.00, '一年级-六年级', '节日活动', '["六一活动PPT","主持词","节目串场文案","班会活动流程","节日祝福页"]', '<p>这套资料适合六一儿童节前后的班级活动和校园小型庆祝活动，兼顾班会展示和主持串场需要。</p><p>资料内容注重轻松、整洁和节日氛围，便于老师直接套用并替换班级节目安排。</p>', '建议根据活动时长保留核心页面，若有节目单和学生照片，可在封面和流程页中补充展示。', '本站不做在线支付，确认需求后通过微信沟通交付；节日资料建议提前咨询，便于及时安排。', '六一,儿童节,节日活动,主持词,班会,课件', 'APPROVED', 3, 5, 1, 1, 205, 18, 104, '2026-04-03 11:10:00', '2026-04-03 11:10:00', '2026-04-03 11:10:00', 0),
(14, 'RES-FXK-20260403-0002', '小学期末复习冲刺资料整合包', 'final-review-sprint-kit', 5, 3, '适合期末总复习阶段使用的复习清单、课堂展示和家长配合资料整合包。', 'https://placehold.co/1200x760/png?text=resource-14-cover', 52.00, '三年级-六年级', '期末复习', '["期末冲刺PPT","复习计划清单","家长提醒页","课堂展示模板","阶段目标页"]', '<p>这是一套面向期末冲刺阶段的复习资料整合包，目前来源仍在审核中，暂不对前台展示。</p><p>后台可继续补充预览、标签和说明，待授权通过后再发布。</p>', '当前为导入待审核资料，请先补充来源证明和适用年级说明。', '本站不做在线支付。由于该资料来源待审核，当前仅后台可见，不允许前台展示。', '期末,复习,冲刺,家长提醒,阶段目标,整合包', 'PENDING', 2, 5, 0, 0, 34, 0, 90, NULL, '2026-04-03 11:20:00', '2026-04-03 11:20:00', 0),
(15, 'RES-BZR-20260403-0003', '小学班级常规管理模板资料包', 'class-routine-management-template-kit', 1, 4, '适合班主任整理班级公约、值日安排、常规提醒和班级展示内容的模板资料包。', 'https://placehold.co/1200x760/png?text=resource-15-cover', 38.00, '一年级-六年级', '班级管理', '["班级公约模板","值日安排表","课堂常规提醒页","班级展示页","家校通知模板"]', '<p>这套资料已完成基础导入，但来源存在风险待定问题，当前仅后台可见，不允许前台展示。</p><p>若后续来源核验通过，可继续补全预览和文案再发布。</p>', '当前为风险待定资料，请先完成来源核验和授权说明。', '本站不做在线支付。由于来源风险待定，当前仅可用于后台整理和审核。', '班级管理,班主任,常规管理,值日安排,班级公约,模板', 'RISK', 2, 5, 0, 0, 18, 0, 80, NULL, '2026-04-03 11:30:00', '2026-04-03 11:30:00', 0);

INSERT INTO `resource_preview` (`id`, `resource_id`, `image_url`, `sort_order`, `created_at`, `updated_at`) VALUES
(1, 1, 'https://placehold.co/1280x960/png?text=resource-1-preview-1', 30, '2026-04-03 09:10:00', '2026-04-03 09:10:00'),
(2, 1, 'https://placehold.co/1280x960/png?text=resource-1-preview-2', 20, '2026-04-03 09:10:00', '2026-04-03 09:10:00'),
(3, 1, 'https://placehold.co/1280x960/png?text=resource-1-preview-3', 10, '2026-04-03 09:10:00', '2026-04-03 09:10:00'),
(4, 2, 'https://placehold.co/1280x960/png?text=resource-2-preview-1', 30, '2026-04-03 09:20:00', '2026-04-03 09:20:00'),
(5, 2, 'https://placehold.co/1280x960/png?text=resource-2-preview-2', 20, '2026-04-03 09:20:00', '2026-04-03 09:20:00'),
(6, 2, 'https://placehold.co/1280x960/png?text=resource-2-preview-3', 10, '2026-04-03 09:20:00', '2026-04-03 09:20:00'),
(7, 3, 'https://placehold.co/1280x960/png?text=resource-3-preview-1', 30, '2026-04-03 09:30:00', '2026-04-03 09:30:00'),
(8, 3, 'https://placehold.co/1280x960/png?text=resource-3-preview-2', 20, '2026-04-03 09:30:00', '2026-04-03 09:30:00'),
(9, 3, 'https://placehold.co/1280x960/png?text=resource-3-preview-3', 10, '2026-04-03 09:30:00', '2026-04-03 09:30:00'),
(10, 4, 'https://placehold.co/1280x960/png?text=resource-4-preview-1', 30, '2026-04-03 09:40:00', '2026-04-03 09:40:00'),
(11, 4, 'https://placehold.co/1280x960/png?text=resource-4-preview-2', 20, '2026-04-03 09:40:00', '2026-04-03 09:40:00'),
(12, 4, 'https://placehold.co/1280x960/png?text=resource-4-preview-3', 10, '2026-04-03 09:40:00', '2026-04-03 09:40:00'),
(13, 5, 'https://placehold.co/1280x960/png?text=resource-5-preview-1', 30, '2026-04-03 09:50:00', '2026-04-03 09:50:00'),
(14, 5, 'https://placehold.co/1280x960/png?text=resource-5-preview-2', 20, '2026-04-03 09:50:00', '2026-04-03 09:50:00'),
(15, 5, 'https://placehold.co/1280x960/png?text=resource-5-preview-3', 10, '2026-04-03 09:50:00', '2026-04-03 09:50:00'),
(16, 6, 'https://placehold.co/1280x960/png?text=resource-6-preview-1', 30, '2026-04-03 10:00:00', '2026-04-03 10:00:00'),
(17, 6, 'https://placehold.co/1280x960/png?text=resource-6-preview-2', 20, '2026-04-03 10:00:00', '2026-04-03 10:00:00'),
(18, 6, 'https://placehold.co/1280x960/png?text=resource-6-preview-3', 10, '2026-04-03 10:00:00', '2026-04-03 10:00:00'),
(19, 7, 'https://placehold.co/1280x960/png?text=resource-7-preview-1', 30, '2026-04-03 10:10:00', '2026-04-03 10:10:00'),
(20, 7, 'https://placehold.co/1280x960/png?text=resource-7-preview-2', 20, '2026-04-03 10:10:00', '2026-04-03 10:10:00'),
(21, 7, 'https://placehold.co/1280x960/png?text=resource-7-preview-3', 10, '2026-04-03 10:10:00', '2026-04-03 10:10:00'),
(22, 8, 'https://placehold.co/1280x960/png?text=resource-8-preview-1', 30, '2026-04-03 10:20:00', '2026-04-03 10:20:00'),
(23, 8, 'https://placehold.co/1280x960/png?text=resource-8-preview-2', 20, '2026-04-03 10:20:00', '2026-04-03 10:20:00'),
(24, 8, 'https://placehold.co/1280x960/png?text=resource-8-preview-3', 10, '2026-04-03 10:20:00', '2026-04-03 10:20:00'),
(25, 9, 'https://placehold.co/1280x960/png?text=resource-9-preview-1', 30, '2026-04-03 10:30:00', '2026-04-03 10:30:00'),
(26, 9, 'https://placehold.co/1280x960/png?text=resource-9-preview-2', 20, '2026-04-03 10:30:00', '2026-04-03 10:30:00'),
(27, 9, 'https://placehold.co/1280x960/png?text=resource-9-preview-3', 10, '2026-04-03 10:30:00', '2026-04-03 10:30:00'),
(28, 10, 'https://placehold.co/1280x960/png?text=resource-10-preview-1', 30, '2026-04-03 10:40:00', '2026-04-03 10:40:00'),
(29, 10, 'https://placehold.co/1280x960/png?text=resource-10-preview-2', 20, '2026-04-03 10:40:00', '2026-04-03 10:40:00'),
(30, 10, 'https://placehold.co/1280x960/png?text=resource-10-preview-3', 10, '2026-04-03 10:40:00', '2026-04-03 10:40:00'),
(31, 11, 'https://placehold.co/1280x960/png?text=resource-11-preview-1', 30, '2026-04-03 10:50:00', '2026-04-03 10:50:00'),
(32, 11, 'https://placehold.co/1280x960/png?text=resource-11-preview-2', 20, '2026-04-03 10:50:00', '2026-04-03 10:50:00'),
(33, 11, 'https://placehold.co/1280x960/png?text=resource-11-preview-3', 10, '2026-04-03 10:50:00', '2026-04-03 10:50:00'),
(34, 12, 'https://placehold.co/1280x960/png?text=resource-12-preview-1', 30, '2026-04-03 11:00:00', '2026-04-03 11:00:00'),
(35, 12, 'https://placehold.co/1280x960/png?text=resource-12-preview-2', 20, '2026-04-03 11:00:00', '2026-04-03 11:00:00'),
(36, 12, 'https://placehold.co/1280x960/png?text=resource-12-preview-3', 10, '2026-04-03 11:00:00', '2026-04-03 11:00:00'),
(37, 13, 'https://placehold.co/1280x960/png?text=resource-13-preview-1', 30, '2026-04-03 11:10:00', '2026-04-03 11:10:00'),
(38, 13, 'https://placehold.co/1280x960/png?text=resource-13-preview-2', 20, '2026-04-03 11:10:00', '2026-04-03 11:10:00'),
(39, 13, 'https://placehold.co/1280x960/png?text=resource-13-preview-3', 10, '2026-04-03 11:10:00', '2026-04-03 11:10:00'),
(40, 14, 'https://placehold.co/1280x960/png?text=resource-14-preview-1', 20, '2026-04-03 11:20:00', '2026-04-03 11:20:00'),
(41, 14, 'https://placehold.co/1280x960/png?text=resource-14-preview-2', 10, '2026-04-03 11:20:00', '2026-04-03 11:20:00'),
(42, 15, 'https://placehold.co/1280x960/png?text=resource-15-preview-1', 20, '2026-04-03 11:30:00', '2026-04-03 11:30:00'),
(43, 15, 'https://placehold.co/1280x960/png?text=resource-15-preview-2', 10, '2026-04-03 11:30:00', '2026-04-03 11:30:00');

INSERT INTO `resource_tag` (`id`, `resource_id`, `tag_id`) VALUES
(1, 1, 1),
(2, 1, 2),
(3, 1, 6),
(4, 2, 1),
(5, 2, 4),
(6, 2, 12),
(7, 3, 1),
(8, 3, 5),
(9, 3, 6),
(10, 4, 1),
(11, 4, 5),
(12, 4, 6),
(13, 5, 1),
(14, 5, 2),
(15, 5, 6),
(16, 6, 1),
(17, 6, 5),
(18, 6, 6),
(19, 7, 1),
(20, 7, 6),
(21, 7, 11),
(22, 8, 1),
(23, 8, 4),
(24, 8, 11),
(25, 8, 12),
(26, 9, 1),
(27, 9, 3),
(28, 9, 7),
(29, 10, 1),
(30, 10, 3),
(31, 10, 8),
(32, 11, 1),
(33, 11, 3),
(34, 11, 9),
(35, 12, 1),
(36, 12, 6),
(37, 12, 12),
(38, 13, 1),
(39, 13, 2),
(40, 13, 10),
(41, 14, 1),
(42, 14, 11),
(43, 14, 12),
(44, 15, 1),
(45, 15, 2),
(46, 15, 6);

INSERT INTO `resource_recommend` (`id`, `resource_id`, `recommended_resource_id`, `sort_order`) VALUES
(1, 1, 3, 20),
(2, 1, 12, 10),
(3, 2, 8, 20),
(4, 2, 12, 10),
(5, 3, 4, 20),
(6, 3, 6, 10),
(7, 4, 3, 20),
(8, 4, 5, 10),
(9, 5, 4, 20),
(10, 5, 7, 10),
(11, 6, 3, 20),
(12, 6, 13, 10),
(13, 7, 8, 20),
(14, 7, 12, 10),
(15, 8, 2, 20),
(16, 8, 7, 10),
(17, 9, 10, 20),
(18, 9, 11, 10),
(19, 10, 9, 20),
(20, 10, 11, 10),
(21, 11, 9, 20),
(22, 11, 10, 10),
(23, 12, 2, 20),
(24, 12, 8, 10),
(25, 13, 1, 20),
(26, 13, 5, 10);

INSERT INTO `resource_storage` (`id`, `resource_id`, `storage_platform`, `share_url`, `share_code`, `extract_code`, `delivery_note`, `status`, `created_at`, `updated_at`, `is_deleted`) VALUES
(1, 1, 'baidu_pan', 'https://example.com/pan/res-bzr-20260403-0001', 'BZR001', '1133', '加微信时请先核对资源码，如链接失效可联系补发。', 1, '2026-04-03 11:40:00', '2026-04-03 11:40:00', 0),
(2, 2, 'quark_pan', 'https://example.com/pan/res-jzh-20260403-0001', 'JZH001', '2244', '家长会资料交付后如需补发，请保留资源码。', 1, '2026-04-03 11:40:00', '2026-04-03 11:40:00', 0),
(3, 3, 'baidu_pan', 'https://example.com/pan/res-bhz-20260403-0001', 'BHZ001', '3355', '安全教育资料如需同主题补充，可在微信内继续说明。', 1, '2026-04-03 11:40:00', '2026-04-03 11:40:00', 0),
(4, 4, 'baidu_pan', 'https://example.com/pan/res-bhz-20260403-0002', 'BHZ002', '4466', '防欺凌资料建议同步发送班级使用年级。', 1, '2026-04-03 11:40:00', '2026-04-03 11:40:00', 0),
(5, 5, 'aliyun_pan', 'https://example.com/pan/res-bhz-20260403-0003', 'BHZ003', '5577', '心理健康资料建议老师先看预览后再确定是否适用。', 1, '2026-04-03 11:40:00', '2026-04-03 11:40:00', 0),
(6, 6, 'quark_pan', 'https://example.com/pan/res-bhz-20260403-0004', 'BHZ004', '6688', '防溺水资料适合假期前快速交付。', 1, '2026-04-03 11:40:00', '2026-04-03 11:40:00', 0),
(7, 7, 'baidu_pan', 'https://example.com/pan/res-fxk-20260403-0001', 'FXK001', '7799', '复习动员资料如需加上班级目标页，可备注说明。', 1, '2026-04-03 11:40:00', '2026-04-03 11:40:00', 0),
(8, 8, 'aliyun_pan', 'https://example.com/pan/res-jzh-20260403-0002', 'JZH002', '8800', '期末家长会资料建议同时说明年级和家长会用途。', 1, '2026-04-03 11:40:00', '2026-04-03 11:40:00', 0),
(9, 9, 'quark_pan', 'https://example.com/pan/res-gkk-20260403-0001', 'GKK001', '9911', '语文公开课模板支持快速替换课文内容。', 1, '2026-04-03 11:40:00', '2026-04-03 11:40:00', 0),
(10, 10, 'quark_pan', 'https://example.com/pan/res-gkk-20260403-0002', 'GKK002', '1022', '数学公开课模板如需补发，请保留资源码。', 1, '2026-04-03 11:40:00', '2026-04-03 11:40:00', 0),
(11, 11, 'quark_pan', 'https://example.com/pan/res-gkk-20260403-0003', 'GKK003', '1134', '英语公开课模板建议先确认年级后再发。', 1, '2026-04-03 11:40:00', '2026-04-03 11:40:00', 0),
(12, 12, 'baidu_pan', 'https://example.com/pan/res-bzr-20260403-0002', 'BZR002', '1245', '家校沟通资料交付后如有历史订单可协助补发。', 1, '2026-04-03 11:40:00', '2026-04-03 11:40:00', 0),
(13, 13, 'aliyun_pan', 'https://example.com/pan/res-jrz-20260403-0001', 'JRZ001', '1356', '节日活动资料建议活动前一天完成确认。', 1, '2026-04-03 11:40:00', '2026-04-03 11:40:00', 0),
(14, 14, 'baidu_pan', 'https://example.com/pan/res-fxk-20260403-0002', 'FXK002', '1467', '当前资料来源待审核，仅后台可见，暂不允许前台展示。', 1, '2026-04-03 11:40:00', '2026-04-03 11:40:00', 0),
(15, 15, 'baidu_pan', 'https://example.com/pan/res-bzr-20260403-0003', 'BZR003', '1578', '当前资料来源风险待定，仅后台整理和核验使用。', 1, '2026-04-03 11:40:00', '2026-04-03 11:40:00', 0);

INSERT INTO `content_campaign` (`id`, `channel_id`, `title`, `content_type`, `publish_time`, `target_resource_id`, `target_resource_code`, `landing_page`, `tracking_code`, `view_count`, `consult_count`, `wechat_add_count`, `deal_count`, `remark`, `status`, `created_at`, `updated_at`, `is_deleted`) VALUES
(1, 2, '家长会资料整理笔记：班主任会前准备清单', 'note', '2026-04-01 20:00:00', 2, 'RES-JZH-20260403-0001', '/resources/2?channel=xiaohongshu&campaign=XHS-JZH-20260401-A&resourceCode=RES-JZH-20260403-0001', 'XHS-JZH-20260401-A', 1260, 36, 18, 8, '用于测试小红书落地页归因。', 1, '2026-04-03 08:30:00', '2026-04-03 08:30:00', 0),
(2, 3, '公开课资料整理：语文展示课模板合集', 'article', '2026-04-02 08:00:00', 9, 'RES-GKK-20260403-0001', '/resources/9?channel=wechat_official&campaign=WXO-GKK-20260402-A&resourceCode=RES-GKK-20260403-0001', 'WXO-GKK-20260402-A', 980, 28, 14, 6, '公众号推文导流到语文公开课资源。', 1, '2026-04-03 08:30:00', '2026-04-03 08:30:00', 0),
(3, 1, '首页热门资源引导位', 'landing_page', '2026-04-03 09:00:00', NULL, '', '/?channel=website&campaign=WEB-HOME-20260403-A', 'WEB-HOME-20260403-A', 650, 19, 9, 4, '站内首页广告位。', 1, '2026-04-03 08:30:00', '2026-04-03 08:30:00', 0),
(4, 2, '安全教育班会模板推荐：防溺水专题', 'note', '2026-04-03 10:00:00', 6, 'RES-BHZ-20260403-0004', '/resources/6?channel=xiaohongshu&campaign=XHS-AQJY-20260403-A&resourceCode=RES-BHZ-20260403-0004', 'XHS-AQJY-20260403-A', 730, 24, 12, 5, '安全教育类专题笔记。', 1, '2026-04-03 08:30:00', '2026-04-03 08:30:00', 0),
(5, 4, '班主任资料转介绍落地页', 'landing_page', '2026-04-03 10:30:00', 12, 'RES-BZR-20260403-0002', '/resources/12?channel=other&campaign=OTH-BZR-20260403-A&resourceCode=RES-BZR-20260403-0002', 'OTH-BZR-20260403-A', 210, 8, 4, 2, '转介绍渠道。', 1, '2026-04-03 08:30:00', '2026-04-03 08:30:00', 0);

INSERT INTO `lead` (`id`, `name`, `contact`, `source_page`, `message`, `status`, `follow_up_note`, `channel`, `tracking_code`, `target_resource_id`, `target_resource_code`, `wechat_added_status`, `deal_status`, `last_follow_up_time`, `created_at`, `updated_at`, `is_deleted`) VALUES
(1, '张老师', '13800138000', '/resources/2', '想了解家长会资料包是否支持替换校名和班级信息。', 0, '', 'xiaohongshu', 'XHS-JZH-20260401-A', 2, 'RES-JZH-20260403-0001', 0, 0, NULL, '2026-04-03 09:15:00', '2026-04-03 09:15:00', 0),
(2, '李老师', 'wx_li_laoshi_01', '/resources/9', '准备下周公开课，想看看语文模板包还有哪些页面。', 1, '已加微信，已发送部分预览说明，等待老师确认。', 'wechat_official', 'WXO-GKK-20260402-A', 9, 'RES-GKK-20260403-0001', 1, 0, '2026-04-03 10:20:00', '2026-04-03 10:00:00', '2026-04-03 10:20:00', 0),
(3, '王老师', '13900139000', '/', '想一次了解班主任常用资料包，有没有推荐组合。', 2, '已成交并完成交付，后续支持补发。', 'website', 'WEB-HOME-20260403-A', 1, 'RES-BZR-20260403-0001', 1, 1, '2026-04-03 11:40:00', '2026-04-03 10:40:00', '2026-04-03 11:40:00', 0),
(4, '赵老师', 'wx_zhao_teacher', '/resources/6', '想要防溺水专题包，低年级是否也能直接用？', 1, '已加微信，建议根据低年级适当简化案例。', 'xiaohongshu', 'XHS-AQJY-20260403-A', 6, 'RES-BHZ-20260403-0004', 1, 0, '2026-04-03 12:10:00', '2026-04-03 11:20:00', '2026-04-03 12:10:00', 0),
(5, '陈老师', '13700137000', '/resources/12', '先了解一下期末评语资料包，暂时还没决定。', 3, '老师暂时无明确需求，先标记为无效。', 'other', 'OTH-BZR-20260403-A', 12, 'RES-BZR-20260403-0002', 0, 2, '2026-04-03 12:20:00', '2026-04-03 11:35:00', '2026-04-03 12:20:00', 0);

INSERT INTO `visit_trace` (`id`, `channel`, `tracking_code`, `landing_page`, `target_resource_id`, `target_resource_code`, `client_id`, `ip`, `user_agent`, `created_at`) VALUES
(1, 'xiaohongshu', 'XHS-JZH-20260401-A', '/resources/2?channel=xiaohongshu&campaign=XHS-JZH-20260401-A&resourceCode=RES-JZH-20260403-0001', 2, 'RES-JZH-20260403-0001', 'client-xhs-001', '203.0.113.11', 'Mozilla/5.0 (iPhone; CPU iPhone OS 18_0 like Mac OS X)', '2026-04-03 09:12:00'),
(2, 'xiaohongshu', 'XHS-JZH-20260401-A', '/resources/2?channel=xiaohongshu&campaign=XHS-JZH-20260401-A&resourceCode=RES-JZH-20260403-0001', 2, 'RES-JZH-20260403-0001', 'client-xhs-002', '203.0.113.12', 'Mozilla/5.0 (Linux; Android 15)', '2026-04-03 09:14:00'),
(3, 'wechat_official', 'WXO-GKK-20260402-A', '/resources/9?channel=wechat_official&campaign=WXO-GKK-20260402-A&resourceCode=RES-GKK-20260403-0001', 9, 'RES-GKK-20260403-0001', 'client-wx-001', '198.51.100.31', 'Mozilla/5.0 (Linux; Android 15; WeChat)', '2026-04-03 09:58:00'),
(4, 'website', 'WEB-HOME-20260403-A', '/?channel=website&campaign=WEB-HOME-20260403-A', NULL, '', 'client-web-001', '198.51.100.41', 'Mozilla/5.0 (Macintosh; Intel Mac OS X 15_0)', '2026-04-03 10:36:00'),
(5, 'xiaohongshu', 'XHS-AQJY-20260403-A', '/resources/6?channel=xiaohongshu&campaign=XHS-AQJY-20260403-A&resourceCode=RES-BHZ-20260403-0004', 6, 'RES-BHZ-20260403-0004', 'client-xhs-003', '203.0.113.21', 'Mozilla/5.0 (iPhone; CPU iPhone OS 18_0 like Mac OS X)', '2026-04-03 11:18:00'),
(6, 'other', 'OTH-BZR-20260403-A', '/resources/12?channel=other&campaign=OTH-BZR-20260403-A&resourceCode=RES-BZR-20260403-0002', 12, 'RES-BZR-20260403-0002', 'client-other-001', '198.51.100.51', 'Mozilla/5.0 (Windows NT 10.0; Win64; x64)', '2026-04-03 11:32:00');

INSERT INTO `delivery_record` (`id`, `resource_id`, `resource_code`, `lead_id`, `delivery_channel`, `delivery_content_snapshot`, `delivery_remark`, `operator_name`, `created_at`, `updated_at`) VALUES
(1, 9, 'RES-GKK-20260403-0001', 2, 'wechat', '资源名称：小学语文公开课通用模板包；资源码：RES-GKK-20260403-0001；网盘链接：https://example.com/pan/res-gkk-20260403-0001；分享码：GKK001；提取码：9911；说明：如链接失效请及时联系补发。', '语文公开课模板已通过微信发送。', '系统管理员', '2026-04-03 10:25:00', '2026-04-03 10:25:00'),
(2, 1, 'RES-BZR-20260403-0001', 3, 'wechat', '资源名称：小学开学第一课课件教案包；资源码：RES-BZR-20260403-0001；网盘链接：https://example.com/pan/res-bzr-20260403-0001；分享码：BZR001；提取码：1133；说明：如链接失效请及时联系补发。', '用户确认后已完成交付。', '系统管理员', '2026-04-03 11:38:00', '2026-04-03 11:38:00'),
(3, 6, 'RES-BHZ-20260403-0004', 4, 'wechat', '资源名称：防溺水安全教育专题包；资源码：RES-BHZ-20260403-0004；网盘链接：https://example.com/pan/res-bhz-20260403-0004；分享码：BHZ004；提取码：6688；说明：如链接失效请及时联系补发。', '已按低年级需求提醒老师微调案例。', '系统管理员', '2026-04-03 12:12:00', '2026-04-03 12:12:00');

INSERT INTO `resource_search_log` (`id`, `keyword`, `search_type`, `matched_resource_id`, `operator_name`, `created_at`) VALUES
(1, 'RES-JZH-20260403-0001', 'resource_code', 2, '系统管理员', '2026-04-03 09:16:00'),
(2, '家长会', 'title', 2, '系统管理员', '2026-04-03 09:17:00'),
(3, 'english-open-class-template-kit', 'slug', 11, '系统管理员', '2026-04-03 10:02:00'),
(4, 'RES-BHZ-20260403-0004', 'resource_code', 6, '系统管理员', '2026-04-03 11:21:00'),
(5, '家校沟通', 'keyword', 12, '系统管理员', '2026-04-03 11:36:00');

INSERT INTO `import_task` (`id`, `task_name`, `raw_payload`, `import_status`, `generated_resource_id`, `generated_resource_code`, `recommended_category_id`, `recommended_tag_ids_json`, `execution_result`, `operator_name`, `executed_at`, `created_at`, `updated_at`, `is_deleted`) VALUES
(1, '期末复习冲刺资料导入任务', '{"title":"小学期末复习冲刺资料整合包","summary":"适合期末总复习阶段使用的复习清单和课堂展示资料。","grade":"三年级-六年级","scene":"期末复习","contentItems":["期末冲刺PPT","复习计划清单","家长提醒页"],"previewImages":["https://placehold.co/1280x960/png?text=resource-14-preview-1","https://placehold.co/1280x960/png?text=resource-14-preview-2"],"storagePlatform":"baidu_pan","shareUrl":"https://example.com/pan/res-fxk-20260403-0002","shareCode":"FXK002","extractCode":"1467","sourceId":3,"tags":["可编辑","复习课","家校沟通"],"price":52.00,"usageNotice":"补充来源证明后再发布"}', 1, 14, 'RES-FXK-20260403-0002', 5, '[1,11,12]', '导入成功，自动命中期中期末复习分类；由于来源待审核，资源默认下线。', '系统管理员', '2026-04-03 11:20:00', '2026-04-03 11:15:00', '2026-04-03 11:20:00', 0),
(2, '班级常规模板导入任务', '{"title":"小学班级常规管理模板资料包","summary":"适合班主任整理班级公约和常规提醒。","grade":"一年级-六年级","scene":"班级管理","contentItems":["班级公约模板","值日安排表","课堂常规提醒页"],"previewImages":["https://placehold.co/1280x960/png?text=resource-15-preview-1","https://placehold.co/1280x960/png?text=resource-15-preview-2"],"storagePlatform":"baidu_pan","shareUrl":"https://example.com/pan/res-bzr-20260403-0003","shareCode":"BZR003","extractCode":"1578","sourceId":4,"tags":["可编辑","通用模板","班主任"],"price":38.00,"usageNotice":"先完成来源核验"}', 1, 15, 'RES-BZR-20260403-0003', 1, '[1,2,6]', '导入成功，自动命中班主任必备分类；因来源风险待定，资源默认下线。', '系统管理员', '2026-04-03 11:30:00', '2026-04-03 11:25:00', '2026-04-03 11:30:00', 0),
(3, '清明节主题班会导入任务', '{"title":"清明节主题班会资料包","summary":"适合节日前开展主题班会和活动说明。","grade":"一年级-六年级","scene":"节日活动","contentItems":["清明节班会PPT","活动流程页"],"previewImages":[],"storagePlatform":"quark_pan","shareUrl":"","shareCode":"","extractCode":"","sourceId":3,"tags":["可编辑","节日活动"],"price":29.90,"usageNotice":"待执行导入"}', 0, NULL, '', 6, '[1,10]', '等待执行。', '系统管理员', NULL, '2026-04-03 11:35:00', '2026-04-03 11:35:00', 0);

INSERT INTO `site_config` (`id`, `config_key`, `config_value`, `config_group`, `description`, `created_at`, `updated_at`) VALUES
(1, 'site_name', '小学教师备课资源导流与快速发货系统', 'site', '站点名称', '2026-04-03 08:30:00', '2026-04-03 08:30:00'),
(2, 'seo_title', '小学教师备课资源导流站｜先看预览，再加微信咨询', 'site', 'SEO标题', '2026-04-03 08:30:00', '2026-04-03 08:30:00'),
(3, 'seo_keywords', '小学课件,小学教案,班主任资料,家长会PPT,主题班会资源,公开课模板,资源码发货', 'site', 'SEO关键词', '2026-04-03 08:30:00', '2026-04-03 08:30:00'),
(4, 'seo_description', '面向小学老师的备课资料整理站，支持渠道归因、资源码咨询和微信快速交付。先看预览，再加微信咨询。', 'site', 'SEO描述', '2026-04-03 08:30:00', '2026-04-03 08:30:00'),
(5, 'contact_phone', '400-820-2026', 'site', '联系电话', '2026-04-03 08:30:00', '2026-04-03 08:30:00'),
(6, 'contact_wechat', 'teacherziyuan001', 'site', '联系微信', '2026-04-03 08:30:00', '2026-04-03 08:30:00'),
(7, 'contact_email', 'service@teacher-resource.local', 'site', '联系邮箱', '2026-04-03 08:30:00', '2026-04-03 08:30:00'),
(8, 'footer_text', '本站不做在线支付，确认需求后通过微信沟通交付；请先查看预览并发送资源码咨询。', 'site', '页脚文案', '2026-04-03 08:30:00', '2026-04-03 08:30:00'),
(9, 'home_main_title', '10分钟找到能直接上课的资源包', 'home', '首页主标题', '2026-04-03 08:30:00', '2026-04-03 08:30:00'),
(10, 'home_sub_title', '覆盖班主任、家长会、班会、公开课、复习课等高频场景，先看预览，再加微信咨询。', 'home', '首页副标题', '2026-04-03 08:30:00', '2026-04-03 08:30:00'),
(11, 'wechat_id', 'teacherziyuan001', 'home', '微信号', '2026-04-03 08:30:00', '2026-04-03 08:30:00'),
(12, 'wechat_qr_url', 'https://placehold.co/360x360/png?text=wechat-qr', 'home', '微信二维码图片地址', '2026-04-03 08:30:00', '2026-04-03 08:30:00'),
(13, 'wechat_tip', '先看预览，再加微信咨询；加微信时发送资源码，可更快为你匹配和交付。', 'home', '微信引导文案', '2026-04-03 08:30:00', '2026-04-03 08:30:00'),
(14, 'home_hot_category_ids', '[1,2,3,4,5,6]', 'home', '首页热门分类ID列表', '2026-04-03 08:30:00', '2026-04-03 08:30:00'),
(15, 'home_recommended_resource_ids', '[1,2,3,6,8,9,10,11,13]', 'home', '首页推荐资源ID列表', '2026-04-03 08:30:00', '2026-04-03 08:30:00'),
(16, 'home_faq_ids', '[1,2,3,4,5,6]', 'home', '首页FAQ ID列表', '2026-04-03 08:30:00', '2026-04-03 08:30:00'),
(17, 'quick_consult_bar_text', '看中资源后先复制资源码，加微信时直接发送给我们，可更快匹配和交付。', 'home', '列表页快速咨询提示条文案', '2026-04-03 08:30:00', '2026-04-03 08:30:00'),
(18, 'delivery_process_json', '["选资源","看预览","复制资源码","加微信发送资源码","确认需求","微信沟通交付"]', 'home', '交付流程JSON', '2026-04-03 08:30:00', '2026-04-03 08:30:00'),
(19, 'consult_notice', '本站不做在线支付，确认需求后通过微信沟通交付。', 'home', '咨询与交付提示', '2026-04-03 08:30:00', '2026-04-03 08:30:00');

INSERT INTO `page_content` (`id`, `page_code`, `title`, `content_html`, `created_at`, `updated_at`) VALUES
(1, 'about', '关于我们', '<p>我们是一家专注于小学教学场景的备课资料整理站，服务对象主要是一线小学老师、班主任和教研使用者。</p><p>我们提供的不是零散单个文件，而是围绕高频教学场景整理的完整备课资料包，帮助老师更快完成备课准备。</p><p>本站坚持先看预览、再加微信咨询，尽量让老师在有限时间里更快判断资料是否适合自己的年级和场景。</p>', '2026-04-03 08:30:00', '2026-04-03 08:30:00'),
(2, 'contact', '联系我们', '<p>如果您想咨询具体资源内容、适用年级、是否可编辑或交付方式，欢迎通过页面中的微信入口联系我们。</p><p>联系微信：teacherziyuan001</p><p>联系电话：400-820-2026</p><p>联系邮箱：service@teacher-resource.local</p><p>为提高沟通效率，建议您在咨询时直接说明资源码、使用年级和预期课堂场景。</p>', '2026-04-03 08:30:00', '2026-04-03 08:30:00'),
(3, 'disclaimer', '版权与免责声明', '<p>本站展示内容仅用于小学教学备课资料展示与咨询说明，具体交付内容请以微信沟通确认结果为准。</p><p>本站不做在线支付，老师可先查看预览样张，确认资料适用场景后再通过微信沟通交付。</p><p>部分页面示意图仅用于展示资源结构，不代表最终交付中的全部页数和样式。老师在使用资料前，请根据学校要求和班级特点进行必要调整。</p>', '2026-04-03 08:30:00', '2026-04-03 08:30:00'),
(4, 'refund-policy', '退款与补发说明', '<p>本站不提供站内支付，资源交易在微信沟通确认后完成。因资料属于数字内容，请在咨询前先查看预览并确认适用场景。</p><p>若因文件损坏、发送失败或历史订单资料遗失，可联系微信进行补发处理。咨询时建议同步提供资源码，以便快速匹配和补发。</p><p>如遇交付内容与沟通确认结果明显不符，请在交付后第一时间联系处理，我们会根据实际情况协助更换或补充相关资料。</p>', '2026-04-03 08:30:00', '2026-04-03 08:30:00');

SET FOREIGN_KEY_CHECKS = 1;
